MATNR,MATKL,MTART,MAKTX
M100001,CONSUM,ERSA,Filter Element - PG-179
M100002,SPARE,FERT,Piston Kit - SM-340
M100003,IND,ERSA,Sensor Module - BS-443
M100004,CONSUM,HAWA,Drive Shaft - DS-653
M100005,COMP,FERT,Cooling Fan - BA-241
M100006,RAW,HAWA,Oil Pump - GB-336
M100007,IND,HALB,Bearing Assembly - RU-810
M100008,SPARE,ERSA,Sealing Ring - GB-823
M100009,RAW,ERSA,Gearbox - HH-165
M100010,RAW,FERT,Filter Element - CP-517
M100011,CONSUM,HAWA,Oil Pump - DS-655
M100012,CONSUM,HAWA,Sealing Ring - PG-525
M100013,IND,HALB,Bearing Assembly - SR-311
M100014,IND,HAWA,Bolt Set - CP-498
M100015,CONSUM,FERT,Pressure Gauge - CF-812
M100016,RAW,HALB,Coupling - HP-977
M100017,SPARE,HAWA,Actuator - CF-489
M100018,SPARE,FERT,Oil Pump - AC-106
M100019,SPARE,ERSA,Pressure Gauge - PK-405
M100020,SPARE,ERSA,Coupling - RU-973
M100021,CONSUM,FERT,Bolt Set - CP-651
M100022,CONSUM,HALB,Hydraulic Hose - CB-919
M100023,SPARE,HALB,Seal Kit - OP-325
M100024,CONSUM,FERT,Fuel Injector - AC-324
M100025,IND,ERSA,Piston Kit - BS-546
M100026,RAW,FERT,Coupling - AC-129
M100027,SPARE,ERSA,Fuel Injector - RU-444
M100028,SPARE,HALB,Sensor Module - RU-841
M100029,IND,HAWA,Cooling Fan - FE-960
M100030,SPARE,FERT,Actuator - PG-230
M100031,COMP,HALB,Seal Kit - OP-646
M100032,COMP,FERT,Sensor Module - HP-503
M100033,IND,FERT,Sealing Ring - CF-677
M100034,IND,FERT,Control Valve - HP-185
M100035,CONSUM,HAWA,Relay Unit - CP-238
M100036,CONSUM,ERSA,Oil Pump - PG-286
M100037,RAW,ERSA,Sealing Ring - SR-366
M100038,SPARE,HALB,Hydraulic Pump - RU-435
M100039,CONSUM,ERSA,Hydraulic Hose - HH-565
M100040,SPARE,HALB,Sensor Module - DS-445
M100041,SPARE,HAWA,Hydraulic Hose - RU-384
M100042,RAW,FERT,Gearbox - CP-358
M100043,COMP,HALB,Bolt Set - BA-581
M100044,COMP,FERT,Sensor Module - HP-867
M100045,CONSUM,FERT,Drive Shaft - CB-153
M100046,SPARE,FERT,Fuel Injector - PK-329
M100047,SPARE,FERT,Hydraulic Pump - BA-899
M100048,IND,HALB,Actuator - SR-872
M100049,IND,FERT,Coupling - HP-353
M100050,IND,ERSA,Filter Element - HH-959
M100051,RAW,ERSA,Gearbox - HP-736
M100052,IND,HAWA,Relay Unit - GB-344
M100053,CONSUM,ERSA,Conveyor Belt - GB-584
M100054,COMP,ERSA,Control Valve - FI-677
M100055,SPARE,FERT,Seal Kit - HH-576
M100056,CONSUM,FERT,Conveyor Belt - BS-885
M100057,RAW,ERSA,Piston Kit - PK-271
M100058,IND,ERSA,Bearing Assembly - OP-721
M100059,IND,ERSA,Relay Unit - FI-896
M100060,IND,HAWA,Sealing Ring - FE-418
M100061,CONSUM,ERSA,Coupling - FI-692
M100062,IND,HAWA,Hydraulic Pump - HP-419
M100063,RAW,FERT,Pressure Gauge - CF-793
M100064,COMP,HALB,Bearing Assembly - RU-506
M100065,RAW,HAWA,Drive Shaft - HH-177
M100066,CONSUM,FERT,Cooling Fan - CF-807
M100067,SPARE,HALB,Coupling - CV-204
M100068,SPARE,FERT,Cooling Fan - SM-970
M100069,COMP,HAWA,Relay Unit - OP-924
M100070,IND,HALB,Coupling - FI-915
M100071,RAW,HAWA,Sensor Module - CF-901
M100072,SPARE,HALB,Fuel Injector - SR-455
M100073,RAW,HAWA,Relay Unit - CB-538
M100074,COMP,ERSA,Hydraulic Pump - PK-170
M100075,CONSUM,FERT,Drive Shaft - SK-763
M100076,RAW,ERSA,Filter Element - DS-112
M100077,RAW,HALB,Oil Pump - CP-942
M100078,CONSUM,ERSA,Pressure Gauge - AC-208
M100079,CONSUM,HALB,Piston Kit - CP-470
M100080,SPARE,HALB,Bearing Assembly - PG-824
M100081,IND,HALB,Coupling - GB-545
M100082,IND,HAWA,Fuel Injector - FE-851
M100083,CONSUM,HAWA,Control Valve - SK-766
M100084,COMP,ERSA,Coupling - BS-730
M100085,IND,HAWA,Cooling Fan - CB-893
M100086,COMP,ERSA,Relay Unit - AC-576
M100087,COMP,HAWA,Seal Kit - CP-945
M100088,COMP,HAWA,Bearing Assembly - CF-374
M100089,SPARE,HALB,Relay Unit - DS-972
M100090,CONSUM,HALB,Sensor Module - CV-950
M100091,IND,HAWA,Drive Shaft - BA-385
M100092,COMP,FERT,Control Valve - PG-349
M100093,IND,HALB,Drive Shaft - PG-683
M100094,RAW,ERSA,Filter Element - OP-784
M100095,IND,ERSA,Bearing Assembly - RU-444
M100096,SPARE,HAWA,Seal Kit - HP-606
M100097,CONSUM,ERSA,Fuel Injector - DS-286
M100098,COMP,FERT,Seal Kit - AC-317
M100099,COMP,HAWA,Seal Kit - PK-916
M100100,RAW,ERSA,Hydraulic Hose - BS-448
M100101,IND,FERT,Piston Kit - BS-710
M100102,SPARE,HAWA,Piston Kit - BS-669
M100103,SPARE,FERT,Gearbox - HP-629
M100104,SPARE,FERT,Control Valve - HH-187
M100105,CONSUM,HALB,Fuel Injector - CV-837
M100106,SPARE,HAWA,Gearbox - CP-600
M100107,CONSUM,HAWA,Bolt Set - CB-876
M100108,SPARE,FERT,Hydraulic Hose - CV-807
M100109,CONSUM,FERT,Filter Element - AC-761
M100110,RAW,HAWA,Oil Pump - AC-558
M100111,COMP,HAWA,Gearbox - HP-195
M100112,IND,HAWA,Bearing Assembly - SM-326
M100113,COMP,HALB,Filter Element - RU-808
M100114,CONSUM,HALB,Actuator - CV-413
M100115,IND,ERSA,Pressure Gauge - CF-477
M100116,CONSUM,HALB,Cooling Fan - AC-666
M100117,SPARE,HAWA,Cooling Fan - SK-452
M100118,SPARE,FERT,Pressure Gauge - CP-863
M100119,SPARE,FERT,Cooling Fan - CB-438
M100120,IND,HAWA,Oil Pump - PK-819
M100121,COMP,FERT,Drive Shaft - PG-377
M100122,SPARE,HALB,Drive Shaft - SM-357
M100123,IND,HALB,Gearbox - CV-223
M100124,CONSUM,HAWA,Pressure Gauge - HH-423
M100125,SPARE,HAWA,Bearing Assembly - FI-860
M100126,IND,FERT,Actuator - CB-880
M100127,IND,HAWA,Pressure Gauge - FE-296
M100128,SPARE,HAWA,Sensor Module - HH-856
M100129,CONSUM,HALB,Bolt Set - AC-383
M100130,SPARE,HAWA,Cooling Fan - CF-878
M100131,COMP,FERT,Sealing Ring - SK-711
M100132,CONSUM,HALB,Piston Kit - SM-202
M100133,SPARE,HAWA,Seal Kit - HH-403
M100134,COMP,FERT,Bearing Assembly - CV-469
M100135,CONSUM,ERSA,Sensor Module - FE-409
M100136,IND,HALB,Pressure Gauge - HP-825
M100137,SPARE,HAWA,Pressure Gauge - CB-229
M100138,RAW,ERSA,Sealing Ring - BS-146
M100139,COMP,FERT,Sealing Ring - SR-666
M100140,CONSUM,HAWA,Piston Kit - SM-814
M100141,CONSUM,HALB,Sensor Module - GB-753
M100142,RAW,ERSA,Bearing Assembly - AC-205
M100143,RAW,HALB,Bearing Assembly - HP-687
M100144,RAW,ERSA,Oil Pump - SM-580
M100145,SPARE,FERT,Oil Pump - AC-551
M100146,CONSUM,FERT,Seal Kit - DS-288
M100147,SPARE,HALB,Relay Unit - SR-358
M100148,SPARE,ERSA,Pressure Gauge - AC-216
M100149,SPARE,ERSA,Cooling Fan - BA-510
M100150,SPARE,ERSA,Conveyor Belt - AC-175
M100151,CONSUM,ERSA,Sealing Ring - CF-744
M100152,RAW,FERT,Pressure Gauge - SR-255
M100153,SPARE,FERT,Cooling Fan - GB-930
M100154,CONSUM,FERT,Hydraulic Hose - CF-411
M100155,RAW,FERT,Drive Shaft - BA-354
M100156,IND,HALB,Oil Pump - FI-671
M100157,COMP,HALB,Actuator - CP-720
M100158,CONSUM,HALB,Seal Kit - OP-909
M100159,IND,FERT,Gearbox - OP-331
M100160,CONSUM,HALB,Sealing Ring - SK-489
M100161,SPARE,FERT,Pressure Gauge - PG-553
M100162,COMP,ERSA,Fuel Injector - SM-980
M100163,CONSUM,HALB,Drive Shaft - CF-539
M100164,COMP,HALB,Bearing Assembly - SM-682
M100165,RAW,FERT,Seal Kit - OP-161
M100166,SPARE,HALB,Filter Element - OP-857
M100167,SPARE,ERSA,Sealing Ring - FI-881
M100168,SPARE,HAWA,Control Valve - HH-740
M100169,COMP,FERT,Pressure Gauge - HH-370
M100170,RAW,HALB,Pressure Gauge - BA-260
M100171,RAW,HALB,Seal Kit - CV-277
M100172,RAW,ERSA,Seal Kit - CB-176
M100173,SPARE,ERSA,Oil Pump - FE-102
M100174,RAW,HALB,Filter Element - CP-561
M100175,IND,FERT,Piston Kit - OP-581
M100176,CONSUM,HALB,Piston Kit - SM-133
M100177,RAW,FERT,Sensor Module - CV-395
M100178,CONSUM,HALB,Relay Unit - SM-819
M100179,IND,HALB,Coupling - PG-172
M100180,CONSUM,HAWA,Drive Shaft - CV-370
M100181,CONSUM,HAWA,Oil Pump - CF-777
M100182,COMP,FERT,Sealing Ring - HH-535
M100183,COMP,HAWA,Drive Shaft - FI-657
M100184,SPARE,HAWA,Bearing Assembly - CV-763
M100185,RAW,HALB,Drive Shaft - GB-372
M100186,COMP,FERT,Fuel Injector - GB-173
M100187,RAW,HAWA,Conveyor Belt - SR-269
M100188,IND,HAWA,Relay Unit - SM-709
M100189,IND,FERT,Sensor Module - CF-395
M100190,IND,HALB,Bolt Set - PG-227
M100191,COMP,ERSA,Oil Pump - PG-805
M100192,CONSUM,HALB,Gearbox - SM-816
M100193,CONSUM,ERSA,Drive Shaft - RU-378
M100194,COMP,ERSA,Bearing Assembly - SK-652
M100195,RAW,HALB,Cooling Fan - AC-548
M100196,CONSUM,ERSA,Gearbox - BA-712
M100197,SPARE,ERSA,Piston Kit - SR-542
M100198,COMP,HALB,Sensor Module - DS-718
M100199,IND,HALB,Relay Unit - BS-126
M100200,IND,HAWA,Gearbox - BA-334
M100201,SPARE,FERT,Oil Pump - CF-701
M100202,CONSUM,ERSA,Bearing Assembly - HP-883
M100203,RAW,HALB,Sensor Module - BS-690
M100204,IND,FERT,Conveyor Belt - SR-881
M100205,SPARE,FERT,Relay Unit - FE-581
M100206,SPARE,FERT,Drive Shaft - SK-767
M100207,COMP,HALB,Gearbox - PG-384
M100208,SPARE,HAWA,Seal Kit - FE-699
M100209,COMP,HALB,Bearing Assembly - CP-750
M100210,CONSUM,FERT,Coupling - AC-193
M100211,CONSUM,FERT,Seal Kit - AC-456
M100212,IND,HAWA,Piston Kit - CP-441
M100213,SPARE,FERT,Hydraulic Pump - DS-786
M100214,RAW,HAWA,Piston Kit - FI-978
M100215,CONSUM,HALB,Sensor Module - FE-437
M100216,IND,ERSA,Filter Element - CP-810
M100217,CONSUM,FERT,Hydraulic Hose - AC-395
M100218,COMP,ERSA,Drive Shaft - RU-933
M100219,CONSUM,FERT,Actuator - CB-137
M100220,COMP,HAWA,Hydraulic Hose - PG-190
M100221,RAW,FERT,Control Valve - DS-358
M100222,SPARE,HAWA,Gearbox - DS-218
M100223,CONSUM,FERT,Gearbox - RU-985
M100224,COMP,HAWA,Bearing Assembly - SK-944
M100225,IND,FERT,Sensor Module - HP-773
M100226,SPARE,ERSA,Fuel Injector - CB-573
M100227,COMP,ERSA,Seal Kit - CP-155
M100228,CONSUM,FERT,Conveyor Belt - HH-630
M100229,CONSUM,FERT,Seal Kit - PK-737
M100230,COMP,FERT,Sealing Ring - AC-740
M100231,SPARE,FERT,Drive Shaft - PG-878
M100232,IND,HAWA,Oil Pump - SR-308
M100233,SPARE,HAWA,Gearbox - BS-662
M100234,COMP,ERSA,Oil Pump - GB-394
M100235,SPARE,FERT,Relay Unit - PG-815
M100236,RAW,HALB,Gearbox - AC-224
M100237,RAW,FERT,Filter Element - HP-745
M100238,CONSUM,HAWA,Filter Element - OP-918
M100239,SPARE,FERT,Oil Pump - CV-826
M100240,IND,HALB,Filter Element - FE-418
M100241,IND,HAWA,Pressure Gauge - CB-114
M100242,COMP,HALB,Sealing Ring - CB-517
M100243,RAW,FERT,Coupling - BA-330
M100244,CONSUM,ERSA,Piston Kit - FI-572
M100245,RAW,HALB,Control Valve - FI-763
M100246,IND,HALB,Pressure Gauge - GB-610
M100247,RAW,ERSA,Oil Pump - SM-621
M100248,RAW,HAWA,Sensor Module - BS-525
M100249,IND,HALB,Pressure Gauge - AC-583
M100250,RAW,HAWA,Control Valve - CV-567
M100251,COMP,ERSA,Conveyor Belt - CB-248
M100252,SPARE,HALB,Control Valve - RU-295
M100253,IND,HALB,Sensor Module - OP-620
M100254,CONSUM,ERSA,Actuator - GB-984
M100255,SPARE,HAWA,Hydraulic Hose - BA-382
M100256,SPARE,HALB,Piston Kit - CP-448
M100257,IND,HAWA,Cooling Fan - SK-373
M100258,IND,ERSA,Pressure Gauge - HP-389
M100259,SPARE,HALB,Pressure Gauge - SM-957
M100260,COMP,FERT,Sensor Module - CF-693
M100261,RAW,FERT,Relay Unit - AC-986
M100262,CONSUM,FERT,Seal Kit - GB-557
M100263,RAW,HALB,Seal Kit - CB-595
M100264,IND,ERSA,Coupling - PK-440
M100265,RAW,HALB,Filter Element - CB-881
M100266,RAW,ERSA,Hydraulic Hose - CB-486
M100267,CONSUM,HAWA,Oil Pump - PG-429
M100268,RAW,FERT,Gearbox - HH-814
M100269,COMP,ERSA,Bolt Set - CV-685
M100270,CONSUM,ERSA,Sealing Ring - RU-339
M100271,RAW,ERSA,Actuator - CP-144
M100272,CONSUM,ERSA,Piston Kit - DS-862
M100273,COMP,FERT,Conveyor Belt - AC-822
M100274,COMP,HAWA,Fuel Injector - RU-495
M100275,IND,ERSA,Seal Kit - GB-607
M100276,COMP,FERT,Fuel Injector - SR-229
M100277,COMP,HAWA,Sensor Module - SK-704
M100278,RAW,ERSA,Bearing Assembly - DS-990
M100279,RAW,FERT,Filter Element - FI-995
M100280,COMP,FERT,Bolt Set - PG-202
M100281,RAW,ERSA,Pressure Gauge - SK-567
M100282,IND,HAWA,Seal Kit - HP-839
M100283,COMP,HALB,Gearbox - GB-519
M100284,CONSUM,HAWA,Coupling - GB-176
M100285,RAW,HALB,Bearing Assembly - AC-900
M100286,SPARE,FERT,Control Valve - BS-446
M100287,CONSUM,HAWA,Pressure Gauge - OP-809
M100288,SPARE,ERSA,Piston Kit - RU-765
M100289,CONSUM,HAWA,Hydraulic Pump - BA-972
M100290,CONSUM,FERT,Coupling - DS-972
M100291,SPARE,HAWA,Sealing Ring - CB-489
M100292,RAW,HALB,Relay Unit - DS-741
M100293,SPARE,HALB,Seal Kit - AC-993
M100294,RAW,HALB,Piston Kit - CB-136
M100295,SPARE,HAWA,Control Valve - OP-170
M100296,RAW,FERT,Relay Unit - CV-746
M100297,CONSUM,ERSA,Bearing Assembly - SM-332
M100298,RAW,ERSA,Piston Kit - BA-544
M100299,IND,FERT,Control Valve - FI-878
M100300,SPARE,FERT,Hydraulic Pump - FI-554
M100301,SPARE,HALB,Drive Shaft - FE-810
M100302,RAW,HAWA,Fuel Injector - SM-129
M100303,CONSUM,ERSA,Drive Shaft - SR-432
M100304,SPARE,HALB,Gearbox - SR-400
M100305,COMP,HALB,Gearbox - PK-483
M100306,IND,HALB,Sealing Ring - CP-249
M100307,SPARE,HALB,Sensor Module - CV-643
M100308,RAW,FERT,Actuator - CP-679
M100309,SPARE,FERT,Gearbox - FE-274
M100310,IND,FERT,Actuator - FE-180
M100311,COMP,HALB,Pressure Gauge - OP-991
M100312,RAW,HAWA,Oil Pump - RU-734
M100313,RAW,HAWA,Hydraulic Pump - CV-609
M100314,SPARE,HAWA,Bearing Assembly - CF-246
M100315,IND,ERSA,Hydraulic Pump - CV-572
M100316,CONSUM,HAWA,Bolt Set - BS-570
M100317,CONSUM,FERT,Hydraulic Hose - BS-782
M100318,RAW,HALB,Gearbox - HP-923
M100319,IND,HALB,Conveyor Belt - PG-394
M100320,RAW,FERT,Oil Pump - CB-261
M100321,CONSUM,FERT,Seal Kit - BA-552
M100322,IND,HAWA,Coupling - PK-701
M100323,CONSUM,ERSA,Fuel Injector - SM-754
M100324,COMP,HALB,Sensor Module - CP-806
M100325,COMP,HAWA,Control Valve - BS-567
M100326,IND,FERT,Sensor Module - SM-303
M100327,RAW,FERT,Fuel Injector - RU-973
M100328,CONSUM,ERSA,Sealing Ring - AC-209
M100329,SPARE,HAWA,Control Valve - CV-490
M100330,CONSUM,FERT,Coupling - CF-467
M100331,RAW,ERSA,Oil Pump - CF-402
M100332,IND,FERT,Pressure Gauge - SM-122
M100333,IND,FERT,Bearing Assembly - RU-381
M100334,RAW,ERSA,Fuel Injector - HP-679
M100335,COMP,HALB,Actuator - SR-720
M100336,RAW,ERSA,Oil Pump - AC-952
M100337,RAW,HAWA,Conveyor Belt - SM-894
M100338,CONSUM,ERSA,Hydraulic Pump - CV-721
M100339,SPARE,HALB,Seal Kit - PK-324
M100340,SPARE,FERT,Cooling Fan - HH-735
M100341,COMP,FERT,Control Valve - BS-794
M100342,IND,FERT,Gearbox - GB-743
M100343,CONSUM,HAWA,Sensor Module - FI-742
M100344,RAW,ERSA,Coupling - SR-416
M100345,COMP,HAWA,Hydraulic Pump - PG-134
M100346,RAW,FERT,Oil Pump - CF-473
M100347,SPARE,HALB,Piston Kit - GB-192
M100348,SPARE,HALB,Control Valve - SM-434
M100349,SPARE,FERT,Cooling Fan - CP-279
M100350,COMP,HAWA,Coupling - HH-235
M100351,IND,HALB,Filter Element - CB-997
M100352,RAW,FERT,Bearing Assembly - PK-643
M100353,CONSUM,HALB,Seal Kit - SK-379
M100354,CONSUM,FERT,Piston Kit - FE-363
M100355,RAW,ERSA,Bearing Assembly - AC-925
M100356,SPARE,HAWA,Seal Kit - SM-864
M100357,RAW,ERSA,Conveyor Belt - DS-923
M100358,IND,ERSA,Seal Kit - FI-579
M100359,COMP,FERT,Seal Kit - BA-244
M100360,IND,FERT,Conveyor Belt - CV-980
M100361,RAW,HAWA,Hydraulic Pump - RU-966
M100362,SPARE,HALB,Relay Unit - CB-474
M100363,COMP,ERSA,Actuator - BA-909
M100364,SPARE,ERSA,Sealing Ring - RU-114
M100365,CONSUM,FERT,Relay Unit - BS-649
M100366,RAW,HALB,Piston Kit - FI-565
M100367,RAW,HALB,Bolt Set - PK-788
M100368,RAW,HALB,Hydraulic Pump - BS-698
M100369,RAW,FERT,Piston Kit - RU-942
M100370,CONSUM,HALB,Bearing Assembly - PK-210
M100371,CONSUM,HALB,Piston Kit - CV-582
M100372,SPARE,FERT,Control Valve - HP-734
M100373,RAW,HALB,Fuel Injector - CB-435
M100374,RAW,FERT,Cooling Fan - OP-326
M100375,COMP,HALB,Drive Shaft - BA-750
M100376,IND,HAWA,Gearbox - PG-817
M100377,SPARE,HAWA,Sealing Ring - SM-764
M100378,COMP,HALB,Piston Kit - CP-219
M100379,CONSUM,HALB,Conveyor Belt - GB-146
M100380,CONSUM,HAWA,Drive Shaft - SR-411
M100381,SPARE,FERT,Filter Element - AC-218
M100382,IND,ERSA,Pressure Gauge - FI-340
M100383,IND,ERSA,Actuator - CB-238
M100384,RAW,HAWA,Filter Element - RU-564
M100385,CONSUM,ERSA,Gearbox - PK-786
M100386,IND,FERT,Bearing Assembly - CB-529
M100387,COMP,ERSA,Pressure Gauge - CF-860
M100388,RAW,ERSA,Sealing Ring - GB-524
M100389,IND,ERSA,Sensor Module - FI-953
M100390,COMP,ERSA,Hydraulic Hose - AC-730
M100391,RAW,ERSA,Sealing Ring - CP-386
M100392,SPARE,HALB,Hydraulic Hose - SR-806
M100393,CONSUM,HALB,Sealing Ring - PK-322
M100394,CONSUM,FERT,Drive Shaft - PG-555
M100395,IND,ERSA,Sensor Module - CV-975
M100396,SPARE,HAWA,Seal Kit - PK-201
M100397,SPARE,HALB,Relay Unit - PK-657
M100398,IND,FERT,Conveyor Belt - PK-162
M100399,CONSUM,HAWA,Actuator - RU-382
M100400,IND,HAWA,Bolt Set - HH-225
M100401,IND,HALB,Sealing Ring - PG-193
M100402,SPARE,HAWA,Hydraulic Hose - HH-757
M100403,RAW,FERT,Sensor Module - OP-121
M100404,IND,HAWA,Piston Kit - SR-905
M100405,RAW,HALB,Sealing Ring - DS-349
M100406,SPARE,HAWA,Drive Shaft - GB-905
M100407,SPARE,ERSA,Bolt Set - CF-310
M100408,IND,HALB,Fuel Injector - BA-949
M100409,CONSUM,ERSA,Piston Kit - CB-312
M100410,RAW,HALB,Coupling - CF-321
M100411,RAW,FERT,Relay Unit - CV-436
M100412,RAW,ERSA,Pressure Gauge - GB-907
M100413,RAW,ERSA,Relay Unit - OP-102
M100414,SPARE,HALB,Drive Shaft - BS-979
M100415,CONSUM,ERSA,Filter Element - GB-233
M100416,IND,FERT,Actuator - CB-356
M100417,IND,HALB,Actuator - FE-212
M100418,SPARE,FERT,Piston Kit - HP-234
M100419,CONSUM,HAWA,Seal Kit - HP-466
M100420,IND,HAWA,Bolt Set - CV-702
M100421,IND,HAWA,Bearing Assembly - DS-116
M100422,CONSUM,HALB,Coupling - FE-371
M100423,IND,FERT,Bearing Assembly - SR-229
M100424,CONSUM,ERSA,Coupling - CP-638
M100425,IND,HAWA,Oil Pump - FI-863
M100426,CONSUM,ERSA,Filter Element - BA-587
M100427,IND,FERT,Conveyor Belt - PG-896
M100428,SPARE,ERSA,Sensor Module - PK-625
M100429,CONSUM,HAWA,Drive Shaft - CF-211
M100430,IND,HALB,Fuel Injector - PG-615
M100431,IND,ERSA,Bearing Assembly - CV-729
M100432,CONSUM,HAWA,Drive Shaft - SR-844
M100433,SPARE,FERT,Sensor Module - SK-408
M100434,RAW,FERT,Sensor Module - PG-758
M100435,IND,ERSA,Pressure Gauge - HP-162
M100436,COMP,FERT,Oil Pump - AC-967
M100437,SPARE,ERSA,Coupling - RU-536
M100438,COMP,ERSA,Filter Element - FI-602
M100439,COMP,HAWA,Pressure Gauge - PG-175
M100440,IND,HAWA,Piston Kit - BA-429
M100441,CONSUM,HAWA,Pressure Gauge - OP-251
M100442,IND,ERSA,Sealing Ring - BA-229
M100443,CONSUM,HALB,Piston Kit - BS-739
M100444,COMP,ERSA,Oil Pump - CF-661
M100445,COMP,ERSA,Coupling - DS-490
M100446,SPARE,HAWA,Bolt Set - OP-643
M100447,SPARE,FERT,Sealing Ring - SM-564
M100448,COMP,HALB,Bearing Assembly - SK-719
M100449,CONSUM,FERT,Relay Unit - CP-201
M100450,SPARE,ERSA,Piston Kit - FI-973
M100451,CONSUM,ERSA,Seal Kit - CB-838
M100452,IND,HALB,Filter Element - HH-540
M100453,COMP,FERT,Hydraulic Pump - PG-333
M100454,CONSUM,HALB,Gearbox - CP-447
M100455,SPARE,FERT,Oil Pump - PG-508
M100456,SPARE,HALB,Pressure Gauge - CP-847
M100457,COMP,ERSA,Sealing Ring - FI-420
M100458,CONSUM,ERSA,Gearbox - CP-420
M100459,IND,HAWA,Bearing Assembly - BS-483
M100460,SPARE,FERT,Control Valve - GB-803
M100461,CONSUM,HAWA,Piston Kit - AC-168
M100462,CONSUM,HAWA,Piston Kit - BA-951
M100463,IND,HAWA,Relay Unit - BA-195
M100464,COMP,FERT,Cooling Fan - CP-198
M100465,SPARE,ERSA,Sealing Ring - PK-931
M100466,SPARE,HAWA,Oil Pump - GB-669
M100467,COMP,HALB,Gearbox - SR-700
M100468,IND,HAWA,Pressure Gauge - CB-675
M100469,SPARE,HAWA,Piston Kit - DS-786
M100470,SPARE,FERT,Piston Kit - FI-520
M100471,COMP,HALB,Pressure Gauge - PK-994
M100472,RAW,FERT,Bearing Assembly - CP-988
M100473,COMP,HAWA,Cooling Fan - SR-394
M100474,IND,HAWA,Gearbox - OP-419
M100475,IND,ERSA,Seal Kit - PK-206
M100476,COMP,HAWA,Piston Kit - CF-619
M100477,IND,HALB,Relay Unit - HH-258
M100478,COMP,HALB,Drive Shaft - AC-329
M100479,SPARE,HAWA,Bolt Set - FI-458
M100480,RAW,HAWA,Control Valve - CB-476
M100481,IND,ERSA,Fuel Injector - FI-880
M100482,COMP,HALB,Hydraulic Pump - BS-687
M100483,RAW,FERT,Filter Element - CV-926
M100484,COMP,FERT,Actuator - CP-965
M100485,RAW,HAWA,Seal Kit - CB-885
M100486,COMP,HALB,Relay Unit - OP-728
M100487,CONSUM,HALB,Conveyor Belt - CB-126
M100488,RAW,HAWA,Fuel Injector - OP-773
M100489,SPARE,HAWA,Bolt Set - BS-129
M100490,CONSUM,ERSA,Bolt Set - FE-379
M100491,COMP,FERT,Pressure Gauge - SM-447
M100492,SPARE,HAWA,Hydraulic Hose - PK-106
M100493,CONSUM,FERT,Oil Pump - FE-990
M100494,COMP,HALB,Sensor Module - GB-679
M100495,COMP,HAWA,Actuator - RU-171
M100496,CONSUM,FERT,Hydraulic Hose - GB-858
M100497,RAW,HAWA,Fuel Injector - HP-193
M100498,SPARE,HALB,Gearbox - SK-320
M100499,RAW,HALB,Bearing Assembly - RU-529
M100500,IND,FERT,Pressure Gauge - PG-449
